bucket,volume,area
1,13.2489,0.06334707
2,13.2489,0.06334707
3,18.9271,0.06334707
4,13.2489,0.06334707
5,18.9271,0.06334707
6,13.2489,0.06334707
7,18.9271,0.06334707
8,13.2489,0.06334707
9,13.2489,0.06334707
10,13.2489,0.06334707
